[
  {
    "zip": 94501,
    "city": "Alameda, CA",
    "income": 102180,
    "tests": 9163,
    "positive": 158,
    "percent_positive": 1.72,
    "population": 65299,
    "tests_per_mille": 140.3,
    "cases": 141
  },
  {
    "zip": 94502,
    "city": "Alameda, CA",
    "income": 148611,
    "tests": 1374,
    "positive": 26,
    "percent_positive": 1.89,
    "population": 14498,
    "tests_per_mille": 94.8,
    "cases": 17
  },
  {
    "zip": 94505,
    "city": "Discovery Bay, CA",
    "income": 114977,
    "tests": 10,
    "positive": 0,
    "percent_positive": 0,
    "population": 77,
    "tests_per_mille": 130.5,
    "cases": 0
  },
  {
    "zip": 94514,
    "city": "Byron, CA",
    "income": 68958,
    "tests": 8,
    "positive": 0,
    "percent_positive": 0,
    "population": 81,
    "tests_per_mille": 99.1,
    "cases": 0
  },
  {
    "zip": 94536,
    "city": "Fremont, CA",
    "income": 139186,
    "tests": 6701,
    "positive": 256,
    "percent_positive": 3.82,
    "population": 76641,
    "tests_per_mille": 87.4,
    "cases": 207
  },
  {
    "zip": 94538,
    "city": "Fremont, CA",
    "income": 124635,
    "tests": 6537,
    "positive": 259,
    "percent_positive": 3.96,
    "population": 65954,
    "tests_per_mille": 99.1,
    "cases": 225
  },
  {
    "zip": 94539,
    "city": "Fremont, CA",
    "income": 198290,
    "tests": 3901,
    "positive": 78,
    "percent_positive": 2,
    "population": 55693,
    "tests_per_mille": 70,
    "cases": 72
  },
  {
    "zip": 94541,
    "city": "Hayward, CA",
    "income": 84590,
    "tests": 9687,
    "positive": 777,
    "percent_positive": 8.02,
    "population": 69065,
    "tests_per_mille": 140.3,
    "cases": 642
  },
  {
    "zip": 94542,
    "city": "Hayward, CA",
    "income": 127935,
    "tests": 1861,
    "positive": 104,
    "percent_positive": 5.59,
    "population": 14599,
    "tests_per_mille": 127.5,
    "cases": 88
  },
  {
    "zip": 94544,
    "city": "Hayward, CA",
    "income": 86252,
    "tests": 10773,
    "positive": 1108,
    "percent_positive": 10.28,
    "population": 80655,
    "tests_per_mille": 133.6,
    "cases": 906
  },
  {
    "zip": 94545,
    "city": "Hayward, CA",
    "income": 100909,
    "tests": 4692,
    "positive": 286,
    "percent_positive": 6.1,
    "population": 33621,
    "tests_per_mille": 139.6,
    "cases": 220
  },
  {
    "zip": 94546,
    "city": "Castro Valley, CA",
    "income": 103677,
    "tests": 5816,
    "positive": 317,
    "percent_positive": 5.45,
    "population": 46904,
    "tests_per_mille": 124,
    "cases": 234
  },
  {
    "zip": 94550,
    "city": "Livermore, CA",
    "income": 147103,
    "tests": 6403,
    "positive": 265,
    "percent_positive": 4.14,
    "population": 51910,
    "tests_per_mille": 123.3,
    "cases": 217
  },
  {
    "zip": 94551,
    "city": "Livermore, CA",
    "income": 127096,
    "tests": 5187,
    "positive": 248,
    "percent_positive": 4.78,
    "population": 41857,
    "tests_per_mille": 123.9,
    "cases": 218
  },
  {
    "zip": 94552,
    "city": "Castro Valley, CA",
    "income": 159349,
    "tests": 1517,
    "positive": 32,
    "percent_positive": 2.11,
    "population": 15386,
    "tests_per_mille": 98.6,
    "cases": 28
  },
  {
    "zip": 94555,
    "city": "Fremont, CA",
    "income": 159451,
    "tests": 2935,
    "positive": 78,
    "percent_positive": 2.66,
    "population": 39238,
    "tests_per_mille": 74.8,
    "cases": 54
  },
  {
    "zip": 94560,
    "city": "Newark, CA",
    "income": 120449,
    "tests": 5140,
    "positive": 276,
    "percent_positive": 5.37,
    "population": 49949,
    "tests_per_mille": 102.9,
    "cases": 237
  },
  {
    "zip": 94566,
    "city": "Pleasanton, CA",
    "income": 177447,
    "tests": 6477,
    "positive": 143,
    "percent_positive": 2.21,
    "population": 48612,
    "tests_per_mille": 133.2,
    "cases": 117
  },
  {
    "zip": 94568,
    "city": "Dublin, CA",
    "income": 165546,
    "tests": 6535,
    "positive": 178,
    "percent_positive": 2.72,
    "population": 68039,
    "tests_per_mille": 96,
    "cases": 212
  },
  {
    "zip": 94577,
    "city": "San Leandro, CA",
    "income": 85691,
    "tests": 6231,
    "positive": 331,
    "percent_positive": 5.31,
    "population": 50374,
    "tests_per_mille": 123.7,
    "cases": 282
  },
  {
    "zip": 94578,
    "city": "San Leandro, CA",
    "income": 68379,
    "tests": 5363,
    "positive": 387,
    "percent_positive": 7.22,
    "population": 41615,
    "tests_per_mille": 128.9,
    "cases": 331
  },
  {
    "zip": 94579,
    "city": "San Leandro, CA",
    "income": 95553,
    "tests": 2459,
    "positive": 110,
    "percent_positive": 4.47,
    "population": 20993,
    "tests_per_mille": 117.1,
    "cases": 90
  },
  {
    "zip": 94580,
    "city": "San Lorenzo, CA",
    "income": 100660,
    "tests": 3471,
    "positive": 201,
    "percent_positive": 5.79,
    "population": 30325,
    "tests_per_mille": 114.5,
    "cases": 174
  },
  {
    "zip": 94586,
    "city": "Sunol, CA",
    "income": 182500,
    "tests": 176,
    "positive": 0,
    "percent_positive": 0,
    "population": 1095,
    "tests_per_mille": 160.8,
    "cases": 0
  },
  {
    "zip": 94587,
    "city": "Union City, CA",
    "income": 117750,
    "tests": 8068,
    "positive": 383,
    "percent_positive": 4.75,
    "population": 74707,
    "tests_per_mille": 108,
    "cases": 312
  },
  {
    "zip": 94588,
    "city": "Pleasanton, CA",
    "income": 166317,
    "tests": 4092,
    "positive": 126,
    "percent_positive": 3.08,
    "population": 34008,
    "tests_per_mille": 120.3,
    "cases": 100
  },
  {
    "zip": 94601,
    "city": "Oakland, CA",
    "income": 54615,
    "tests": 12852,
    "positive": 1353,
    "percent_positive": 10.53,
    "population": 55840,
    "tests_per_mille": 230.2,
    "cases": 1143
  },
  {
    "zip": 94602,
    "city": "Oakland, CA",
    "income": 103197,
    "tests": 4684,
    "positive": 176,
    "percent_positive": 3.76,
    "population": 30831,
    "tests_per_mille": 151.9,
    "cases": 141
  },
  {
    "zip": 94603,
    "city": "Oakland, CA",
    "income": 62259,
    "tests": 4787,
    "positive": 744,
    "percent_positive": 15.54,
    "population": 34154,
    "tests_per_mille": 140.2,
    "cases": 667
  },
  {
    "zip": 94605,
    "city": "Oakland, CA",
    "income": 80993,
    "tests": 6238,
    "positive": 380,
    "percent_positive": 6.09,
    "population": 43114,
    "tests_per_mille": 144.7,
    "cases": 321
  },
  {
    "zip": 94606,
    "city": "Oakland, CA",
    "income": 61448,
    "tests": 6201,
    "positive": 351,
    "percent_positive": 5.66,
    "population": 38169,
    "tests_per_mille": 162.5,
    "cases": 310
  },
  {
    "zip": 94607,
    "city": "Oakland, CA",
    "income": 58971,
    "tests": 5188,
    "positive": 224,
    "percent_positive": 4.32,
    "population": 28976,
    "tests_per_mille": 179,
    "cases": 185
  },
  {
    "zip": 94608,
    "city": "Oakland, CA",
    "income": 89557,
    "tests": 5495,
    "positive": 172,
    "percent_positive": 3.13,
    "population": 33281,
    "tests_per_mille": 165.1,
    "cases": 141
  },
  {
    "zip": 94609,
    "city": "Oakland, CA",
    "income": 94049,
    "tests": 5558,
    "positive": 88,
    "percent_positive": 1.58,
    "population": 22981,
    "tests_per_mille": 241.9,
    "cases": 78
  },
  {
    "zip": 94610,
    "city": "Oakland, CA",
    "income": 106205,
    "tests": 5879,
    "positive": 88,
    "percent_positive": 1.5,
    "population": 30014,
    "tests_per_mille": 195.9,
    "cases": 84
  },
  {
    "zip": 94611,
    "city": "Oakland, CA",
    "income": 147953,
    "tests": 6455,
    "positive": 99,
    "percent_positive": 1.53,
    "population": 39254,
    "tests_per_mille": 164.4,
    "cases": 83
  },
  {
    "zip": 94612,
    "city": "Oakland, CA",
    "income": 56451,
    "tests": 3387,
    "positive": 91,
    "percent_positive": 2.69,
    "population": 18052,
    "tests_per_mille": 187.6,
    "cases": 58
  },
  {
    "zip": 94613,
    "city": "Oakland, CA",
    "income": 89583,
    "tests": 27,
    "positive": 0,
    "percent_positive": 0,
    "population": 738,
    "tests_per_mille": 36.6,
    "cases": 0
  },
  {
    "zip": 94618,
    "city": "Oakland, CA",
    "income": 173238,
    "tests": 2651,
    "positive": 19,
    "percent_positive": 0.72,
    "population": 16318,
    "tests_per_mille": 162.5,
    "cases": 21
  },
  {
    "zip": 94619,
    "city": "Oakland, CA",
    "income": 99236,
    "tests": 3952,
    "positive": 261,
    "percent_positive": 6.6,
    "population": 25119,
    "tests_per_mille": 157.3,
    "cases": 221
  },
  {
    "zip": 94621,
    "city": "Oakland, CA",
    "income": 44511,
    "tests": 4441,
    "positive": 741,
    "percent_positive": 16.69,
    "population": 33165,
    "tests_per_mille": 133.9,
    "cases": 641
  },
  {
    "zip": 94702,
    "city": "Berkeley, CA",
    "income": 98186,
    "tests": 3221,
    "positive": 60,
    "percent_positive": 1.86,
    "population": 17762,
    "tests_per_mille": 181.3,
    "cases": 52
  },
  {
    "zip": 94703,
    "city": "Berkeley, CA",
    "income": 94997,
    "tests": 3630,
    "positive": 97,
    "percent_positive": 2.67,
    "population": 20294,
    "tests_per_mille": 178.9,
    "cases": 84
  },
  {
    "zip": 94704,
    "city": "Berkeley, CA",
    "income": 33931,
    "tests": 2060,
    "positive": 107,
    "percent_positive": 5.19,
    "population": 30552,
    "tests_per_mille": 67.4,
    "cases": 105
  },
  {
    "zip": 94705,
    "city": "Berkeley, CA",
    "income": 140901,
    "tests": 2739,
    "positive": 42,
    "percent_positive": 1.53,
    "population": 13209,
    "tests_per_mille": 207.4,
    "cases": 37
  },
  {
    "zip": 94706,
    "city": "Albany, CA",
    "income": 110692,
    "tests": 2170,
    "positive": 44,
    "percent_positive": 2.03,
    "population": 20746,
    "tests_per_mille": 104.6,
    "cases": 33
  },
  {
    "zip": 94707,
    "city": "Berkeley, CA",
    "income": 181835,
    "tests": 1659,
    "positive": 0,
    "percent_positive": 0,
    "population": 9785,
    "tests_per_mille": 169.5,
    "cases": 0
  },
  {
    "zip": 94708,
    "city": "Berkeley, CA",
    "income": 190095,
    "tests": 1316,
    "positive": 14,
    "percent_positive": 1.06,
    "population": 9243,
    "tests_per_mille": 142.4,
    "cases": 11
  },
  {
    "zip": 94709,
    "city": "Berkeley, CA",
    "income": 81019,
    "tests": 1235,
    "positive": 10,
    "percent_positive": 0.81,
    "population": 12525,
    "tests_per_mille": 98.6,
    "cases": 10
  },
  {
    "zip": 94710,
    "city": "Berkeley, CA",
    "income": 80746,
    "tests": 1412,
    "positive": 40,
    "percent_positive": 2.83,
    "population": 8867,
    "tests_per_mille": 159.2,
    "cases": 36
  },
  {
    "zip": 94720,
    "city": "Berkeley, CA",
    "income": 105000,
    "tests": 37,
    "positive": 0,
    "percent_positive": 0,
    "population": 1504,
    "tests_per_mille": 24.6,
    "cases": 0
  },
  {
    "zip": 95377,
    "city": "Tracy, CA",
    "income": 105120,
    "tests": 29,
    "positive": 1,
    "percent_positive": 3.45,
    "population": 68,
    "tests_per_mille": 423.6,
    "cases": 0
  },
  {
    "zip": 95391,
    "city": "Mountain House, CA",
    "income": 130476,
    "tests": 22,
    "positive": 0,
    "percent_positive": 0,
    "population": 134,
    "tests_per_mille": 164.4,
    "cases": 0
  }
]